{
  "f1": 0.9266096444299694,
  "acc": 0.9265444871415903,
  "config": {
    "lr": 2e-05,
    "batch_size": 8,
    "epochs": 4,
    "max_len": 192
  }
}